Date,AZN.L,BP.L,DCC.L,GSK.L,HIK.L,NG.L,SHEL.L,SN.L,SSE.L,SVT.L,UU.L
2020-01-03,0.005221878491456611,0.027451299450749866,-0.016949048983426196,0.004051312845201327,5.037754686449958e-4,4.208940908874137e-4,0.018612789886984116,0.008463099655188433,-0.007895602804379509,3.9763190466302056e-4,-0.004402656119181003
2020-01-06,-0.009999959046027351,0.020342191713832225,-0.014162597471856997,-0.007845825063333534,-0.03726081228099265,-0.004732735076630745,0.004568156313613958,-0.01894968783756079,-0.0020762101580895642,-0.007154211895872953,-0.012844623410697698
2020-01-07,0.002886000752099438,-0.010513837473093202,0.004060003271331825,-0.00451887362048764,-0.015428851654137765,-0.0039100994257147415,-0.008012072565982131,0.011313451294426846,-0.012829342926478637,-0.009607468743743186,-0.0038396810498585454
2020-01-08,-0.0024853481844128167,-0.009021604295031072,0.002799361865832406,0.004993277295697762,-0.0042495762463743425,-0.0028643581383480665,-0.006548569924231362,0,-0.010888603480112002,-0.0012128836622116168,0.011563224244058201
2020-01-09,0.007212198483236287,-0.004551938764735697,0.011476316474209547,0.010727398105146113,0.01467049544126775,-0.003617416969514453,-0.006592213140129699,0.007912742874044643,0.0017755602790923142,0.0044517299828279455,-0.0014817698184292905
2020-01-10,-0.0046868554215281355,0.0065034512077906115,-0.002453105368694364,0.0040218132783804705,0.0023658500270187233,-0.0016017416709223076,0.001327119965696788,0.010286919495517743,0.01028009106322747,-0.009266700523306137,0.003815929595450518
2020-01-13,6.539812766828135e-4,0.0037354468644934524,0.005840603631689811,0.006565008098248004,0.011277281948291584,0.006737928520737402,0.00198789106190822,0.0016076829006779203,0.013684240720055696,0.023993469863285988,0.0253431404446951
2020-01-14,0.005359470334548311,-0.002414043425057688,0.004890117630819368,-0.0026531298217113974,0.008558110015417286,-0.0029745924424877668,-0.004849875555077654,0.0034777792134981222,0.009691791752098,0.0011914752876043266,0.004943404796245776
2020-01-15,0.018853183059686307,-0.0014114591250998787,0.011253012695341624,0.017069322614052584,0.015685244266961273,0.01928608931105047,0.0024368158243111004,0.007731325895150132,0.01919790518405029,0.00991671515589676,0.007173549228315368
2020-01-16,-0.016462400244540043,0.005351219800232343,-0.03067662320441722,-0.014821252420822772,-0.03265817557538231,0.0038679259924221387,-0.0033147765191422485,-0.008465610883129804,0.010598239141222932,0.0070698056841054235,0.0014245480947800981
2020-01-17,0.02218757754809242,-0.0029125414769208824,0.011169653600147322,0.02101755508012748,0.02355404517495807,0.017077949628619082,-0.002882509104181308,0.009605125286859861,0.011501986706829115,0.007410312992635504,0.01960975008478827
2020-01-20,-0.005204426491236869,-0.005841955968773571,-0.007977906738210416,-0.004333502782340681,-7.670630817167012e-4,0.010955346050949721,-0.0028907816707038902,-0.001321404183818875,6.689317631476399e-4,-0.0015486562326968434,0.005480851421114874
2020-01-21,-0.0016586540524575755,-0.006382986423998704,-6.186080323075105e-4,0,0.008188285348412538,-1.0138575380425063e-4,-0.01650343339585869,0.005821681723508387,-0.0090241270891811,-0.006591579633699052,-0.012289371817120531
2020-01-22,-0.01572083749456199,-0.020087733277562414,-0.007427971475778894,-0.009793361416393198,-0.011421321093593062,0.00790039926097319,-0.008389783268190398,-0.0021047100598357016,0.013828029269251196,7.805696470850609e-4,4.013980649912874e-4
2020-01-23,-0.005713743566125973,0.003433947627500933,-0.009978133513325993,0.0016484746106635306,-0.005648235150677028,-9.044362325766331e-4,-0.006402932081498447,-0.008700222706618965,0.0013307417442007807,-0.001169993682585413,-0.002006043115842071
2020-01-24,2.61292212412112e-4,0.008192509909702661,0.0015746471803146367,-1.0983715657497672e-4,0.014975453083914125,0.020317895439878608,0.006674350247491079,0.026595683481461574,0.01627897096158537,0.022256873651212095,0.015075425645193707
2020-01-27,-0.020759904021102615,-0.018823300993221714,-0.01037735507803883,-0.022053764562127598,-0.013482563859187335,-0.007886506484526379,-0.01943303601571167,-0.022279766740033624,-0.02190252823090988,-0.014132941099370133,-0.011287159608079578
2020-01-28,0.02013338649475327,0.010063983045845104,-0.0015887409270746167,0.005273113473455604,0.0018049780277773486,0.012321200979258817,0.002098264369263303,0.008479001646288786,0.007018674057041485,0.0011623924618731074,0.0014019388883359518
2020-01-29,0.005620129492060366,-0.007991731951861758,0.009229811340602856,0.012276796872711992,-0.014671799575384559,0.0029445649981167943,-0.00837579850268333,0.007882395676868104,-0.00431463681344324,0.0019350713145782628,0.01450000866827561
2020-01-30,-0.023264937217486348,-0.022598838479277017,-0.025544093979799398,-0.011907454470980627,-0.04127478847590538,-0.005284751155648526,-0.043641576565713325,-0.0221585550032527,6.666112781377187e-4,0.0023174963182013286,0.013307043891108261
2020-01-31,-0.01210897127976851,-0.022264988305047306,-0.0077670031578779275,-0.00468635721481403,-0.0016348685882432434,-0.010428943118337197,-0.021393364634734513,-0.026126340386481872,0.004996794623236767,-0.006165875016488465,-0.014105066731920357
2020-02-03,0.0043102580949796465,-0.008758490870379387,0.014350998346066346,0.009416924855118802,-5.459182466535095e-4,0.0031814791379587426,-0.015042226140068893,0.003832503091070638,0.02088163440458457,0.005816259857897466,-0.008386780517418368
2020-02-04,0.010595547104288006,0.04163891319426849,0.009646191293579687,0.00788540632993473,0.009011559240432732,7.928292577432661e-4,0.015780888602433762,0.012816967311392036,-0.0016235056891290567,-0.011179522552241306,-0.009751283730951577
2020-02-05,0.016987329085887737,0.027038494447273465,-0.001910705972997806,-0.04154273161209232,0.016508703114604284,0.011091379382770938,0.014583638284366485,0.011039366357215918,0.018861892571756078,0.004288374980378817,-0.005827894523101951
2020-02-06,0.010178855362633188,-0.019202885494183253,0.004148011337213209,-0.025753116711031532,0.011448422070093223,0.0068559841711883784,-0.007409256851835466,0.0031957398069533127,0.01659742359893257,-0.0015526549517368426,0.0028300190270673653
2020-02-07,-0.0072342144778104744,-0.010526208390696956,-0.009850660694415425,0.003186403100363888,0.0065806427199206485,-0.005058317012860636,-0.006419564063686378,-0.00929123277485655,0.005965476782796353,-0.005054658188306083,-0.004636261532001251
2020-02-10,0.0032530911727233214,-0.011489417913462141,0,0.010234045762335997,-0.017259452344688953,0.0013687149432453083,-0.011118962317204328,2.679354377821408e-4,-0.001248420052474608,3.909004664206517e-4,6.075828984373199e-4
2020-02-11,-0.0028535710829288297,0.010977077643549382,6.419197645997077e-4,-0.008267455237412236,-0.002128712301206148,0.0056630016499672475,0.006179140116732151,-0.0048218259045333944,0.026250099811249594,0.021093746380172806,0.020542329549327887
2020-02-12,-0.009495227959597452,0.01043230629019476,0.0134700683952107,-0.004344219010264494,-0.0053333714914999275,-0.0017475816021963464,0.01077222246692422,-0.011036324760930527,-0.010657752900235185,-0.008798757043762206,-0.0014872748513518053
2020-02-13,0.0014444820231707123,-0.01392278747264808,-0.006645477129797128,-0.008608536770351005,-9.14681306122489e-4,-0.008558548427236023,-0.015418976541728191,-0.008709925504238991,0.008925745731191093,-0.006175185954995999,-0.006951358414204578
2020-02-14,-0.04274841399608087,-0.006740028644691809,-0.004141487761704865,-0.0076126037336317065,0.0052090348390452235,0.020207963991265787,-0.008860534250420327,-0.001098297785038449,0.01220270341068419,0.013203845376298151,0.012000012169389729
2020-02-17,0.010547901554604167,0.009084010337252924,0.0012795646453120924,-0.004195075863582143,0.005072048542261509,0.004615385829382701,0.0048857303892468895,0.005222668962879595,0.00934285035786675,0.0026830370552997085,-0.0014821975844381274
2020-02-18,0.01952020057505499,-0.007592157404818001,-0.005111801558249751,0.0032498980101962616,0.019920275726194037,0.008614133545304048,-0.009930749463751054,-8.203624227454132e-4,0.005972001451355791,0.012997008273199162,0.02572974817290863
2020-02-19,0.012498265026632982,0.011584709182192343,0.020231268109576872,0.006598515341828426,0.015625046692016475,0.012905579124205202,0.0073138446874359,0.009852149171860392,0.0011873574816791965,0.017358349908005,0.02363730304024858
2020-02-20,-0.005384103420913555,0.007346658558736285,-0.014479022504589545,3.274531165935457e-4,-0.02051283747737198,-0.009743337489364845,-7.260534722783873e-4,0.0726288244371005,-0.006225954260204336,-0.004821874601715348,-0.01366636063380644
2020-02-21,0.01531554884951758,-0.02713440657676769,-0.0015970271464107455,0.00496979643419837,0.009162387254500581,0.006433386195743518,-0.020240892961163603,-0.027791789520130172,0.005966574201666575,0.0040998708198067835,0.010989049964416742
2020-02-24,-0.03172952173526067,-0.033733866052577555,-0.04318618818570441,-0.017127055487526133,-0.04409872318134089,-0.018048576651534476,-0.034961291721650856,-0.017671522426315978,-0.018090253034738546,-0.014105349944498524,-0.024574714002306597
2020-02-25,-0.01974207532187411,-0.021791023233741824,-0.03343357219154808,-0.016934620224133168,-0.00379909558808067,-0.009573062383684494,-0.022505176438854635,-0.022486761720276638,-0.033524604259991486,-0.02936746171417748,-0.03100773917449784
2020-02-26,0.01520745644258259,-6.999344884729419e-4,-0.010031063757779068,0.018973808113849078,-0.005448076147701264,0.013145148662777162,3.368896478648242e-4,-0.004330176816069842,0.007500052717154038,0.004266854780938578,9.999440192349773e-4
2020-02-27,-0.016740966740895424,-0.03326331787564851,-0.022711524242694403,-0.0017149276261128055,0.04628863837018793,-0.008013625225495202,-0.027955620208019005,-0.006251788277928605,-0.025744371176257386,-0.010815053192982926,-0.024575292623906897
2020-02-28,-0.04872590484667194,-0.04346240294807646,-0.011083314011044565,-0.0414775286517981,-0.063874392067781,-0.05481829512787262,-0.040540458840846116,-0.04868707153340013,-0.02642483136353646,-0.03748535013856602,-0.0329783571180986
2020-03-02,0.03179289193083923,0.03811666725581708,0.003976828970460922,0.04340032334996757,0.062080695809517694,0.02380950727382425,0.0328637719056728,0.017826305864595993,0.010791354177309698,0.03326567699544425,0.015674607576406707
2020-03-03,0.023109753783844278,0.008996853176676867,0.016204635487235608,-0.013496875703583044,-0.010268638881599457,0.0071556721799792555,0.004429028983537586,0.013559326846010356,0.0210289716573695,0.018453061538238114,0.021480804039139212
2020-03-04,0.03945900997090779,0.018556473543033025,0.018781044024100746,0.03470145821612136,0.0260708221748851,0.03611605032780307,0.008006449701406737,-0.0086398597060015625,0.041191291852013645,0.023901446012629446,0.034605892112651526
2020-03-05,0.006304571506196455,-0.014077717122742528,-0.011478347042637504,-0.01442485636556623,0.009592893692546234,0.003999977189500514,-0.027282305889786862,-0.00421705681811213,-0.004869147981385158,0.0037649238111689964,-0.0019733843694186293
2020-03-06,-0.034657428905982335,-0.05159597589860454,-0.039408716560881296,-0.028174185466415147,-0.0454545542946021,-0.036994852184598304,-0.053727704438820245,-0.05251268499595718,-0.036697254509511446,-0.037134228138112735,-0.03806224861902263
2020-03-09,-0.03300197910451963,-0.1948380071577983,-0.07106236086554107,-0.028614480351519256,-0.022329918211941524,-0.037332572184731516,-0.17596291095675487,-0.056317042284573016,-0.06349201834874396,-0.04986367951398829,-0.05529287511761416
2020-03-10,-0.008282162341221366,0.03362674470082738,-0.029968570701225383,-0.02157610670061061,0.0011008501073368482,-0.04512434500686813,0.03687955338667814,-0.028418029597478522,-0.048135712721882995,-0.01640001331893537,-0.020017534366918
2020-03-11,0.001439927810522157,-0.03572519507985794,-0.005894270115958444,0.005281816085086932,0.005222550143564764,-0.008572656715163274,-0.02385807648844196,-0.021124456029005922,-0.00106828620904309,-0.018757978731587355,-0.023312522300756422
2020-03-12,-0.09216393619860697,-0.13290236085170903,-0.11265590332418385,-0.07749897445367104,-0.05004095015055754,-0.09684389199889731,-0.1550456917168671,-0.12416989054757677,-0.11336890306614089,-0.06754453738891342,-0.07501712322161758
2020-03-13,3.1671703393443273e-4,0.004727225196506923,-0.023271812398966696,-0.0012815925560896169,-0.005181392236427662,0.029679325493910946,0.003194080526983001,-0.007960650647851009,0.043827842681531726,0.03553529976098102,0.07299100997624497
2020-03-16,-0.015041125990176152,-0.06134630226922677,-0.08516157060673779,-9.978289802958784e-4,0.004340253928566629,0.00395166214171061,-0.07075890495220649,-0.05999234629404593,-0.039676456958253836,-0.004399372267323232,-0.03046269821010883
2020-03-17,0.0803729302192715,0.0011565686659138485,0.06652907390814566,0.071642462913593,0.022760033020293502,0.09805501267520111,0.027983913862389853,-0.05365865308552287,0.06618523593765402,0.07733079298926682,0.052917627628704444
2020-03-18,-0.0034221047461674425,-0.09994215506869819,0.06020311355025276,-0.042881733148842915,-0.0014084429688310252,-7.380774054405181e-4,-0.10111112863665739,-0.009879644546620492,-0.11813388278201886,0.02091883812620754,0.05003362585077609
2020-03-19,0.030904778725600268,0.03016686584617112,0.0070696216106402865,0.012244257945757786,0.03129759086524775,-0.03481738761521658,0.0512979828370459,0.06724516387712054,-0.035836195764297085,-0.03656098713285916,-0.0643163177730659
2020-03-20,-0.002027636281275891,0.045482837183082436,0.06544366937777224,-0.004123772774813017,0.044925025558635534,-0.04088329835429172,0.0407604010283269,0.07560961476699224,0.019026642185784537,-0.06547112748696293,-0.07924175849492399
2020-03-23,-0.008706896434472866,0.020659590281755014,-0.08395313826698791,-0.051345710617089924,-0.0968682738959733,-0.0885570657125363,0.061381860381438225,-0.07709743452516704,-0.06860620813734797,-0.09236952143243515,-0.05307544220126492
2020-03-24,0.018884442459240036,0.21584295733998338,0.1341067493640129,0.02982704811523762,0.06582416332393715,0.05201961667597632,0.2038320342822173,0.15069619022329972,0.1328671712226348,0.025073875671927315,0.04557360912729824
2020-03-25,-0.006034470752157461,0.08660148131068546,0.024549956955211005,0.052274532187642775,-0.00744416451459895,0.07583502943749809,0.07353364312996091,0.007117439541164172,0.08395064056045332,0.031174900774498804,0.038577272626756365
2020-03-26,-0.0052038375086205235,-0.007071313335109797,0.03354627266554577,0.0077871963008386835,0.037777818893835136,0.0404374459842709,-0.029375336357818305,-0.008834084250442853,0.05732710422516285,0.051627964722841924,0.07284114668960107
2020-03-27,-0.011188598354535562,-0.09347200431223779,-0.03361656851230477,-0.03876884569353478,0.05139187710584836,-0.004991008138984565,-0.09291484821090656,0.0178254569872609,-0.09443438872317811,-0.012826221087609113,0.009442518136397737
2020-03-30,0.043791397736263615,0.05924728886912489,0.0355856165825712,0.0270269901731075,2.5451072420090703e-4,0.018249680786821543,0.03305283610551668,0.008406307481878539,0.0023790814964785856,0.04435501504911343,0.055011082482683715
2020-03-31,0.0159087090218053,0.06365883469725486,-0.015444006354391915,0.0219973339455084,0.03588699614607438,-0.007860828650917417,0.07078166960278476,-0.0034735640241287946,0.032436683339783556,-0.021879189704270274,-0.047076185543656224
2020-04-01,-0.015798184551152228,-0.030505484232073443,-0.06627455552747052,-0.010035689883697851,0.011302198126023066,-0.03697444342848999,0.0015504015166329932,-0.027884200942643544,-0.07049812539572098,-0.029824537761850678,-0.03876830119955288
2020-04-02,-0.017178221339909983,0.05888531240614747,0.04367912478070979,-0.004134890648422651,0.058309088667154896,-0.044536974043926536,0.08471710979179936,-0.02277882044462709,-0.05605926455807897,-0.01763103941188382,-0.008066395622584599
2020-04-03,0.023495649862606882,-0.0454224502444438,-0.00985924584909137,-0.002544973107879045,0.046372882480759436,-0.03352479701315991,-0.0457966266498413,0.013759775147271114,-0.0628821159326921,-0.011044574494694426,-0.012778730812801231
2020-04-06,0.005599127050299746,-0.00429884779972145,0.021337416864363412,0.013428050127556546,0.030276343916397552,0.02874802755180994,0.0053025548348386575,0.050990419268650555,0.0545200354505857,0.026989248078391093,-0.02777122836772883
2020-04-07,-0.025612505002676755,0.015334304765568296,0.030640512824603006,0.0035779211705109226,-0.06345827534546544,-0.010854496679660097,0.034622570616104964,0.028272234892454673,0.02253643271883199,-0.014499357741357466,0.008714555501676102
2020-04-08,-0.004142819143134857,-0.016569187761147353,0.013513492986387154,-0.010166516549826365,-0.008640388332843085,0.018211519855349856,-0.02431352783172891,0.019687777035018783,0.045376053801815974,0.009195441753750755,0.009599268551797602
2020-04-09,0.02151769334473963,0.0011929238544663434,0.02057151198526541,0.02987861289226501,0.02064242450669118,0.041274912768013206,0.011253916844065959,0.04127831633981649,0.032244613918428255,0.04601363674741421,0.038269388052384334
2020-04-14,0.06810834788545916,-0.04363350175683123,0.020903289097710775,0.01670762947437976,0.02337068247599161,-0.011451188192014183,-0.04279285045239434,-0.01694378569074806,-0.02042454304100827,-0.00827516178954979,0.005952471017038663
2020-04-15,0.001183298082298112,-0.06664607421698487,-0.03875693263847679,0,-0.015371106009986146,-0.011138361176318501,-0.06851199574768951,-0.029918800674719304,-0.0134912871809717,0.009661674525709651,0.010696412018024626
2020-04-16,0.026657937904389195,-0.02585907703843171,-0.01255219727536172,0.05337585032732495,-0.005352323481829013,0.011489107638108731,-0.035512606946214165,0.013744640178130485,-0.001243274588773935,0.0204437663175967,0.013510638613706494
2020-04-17,0.019442326791997644,0.03973260181349669,0.06201839241355245,0.004111820617713979,0.020179360379449562,0.0069042247254142985,0.05546144687149712,0.01917987364580931,0.012863008615670024,-0.014492711742504216,-0.011553159992584994
2020-04-20,0.018820492917219322,-0.0041180344521685175,-0.0014509181137662974,0.0040948143969843365,0.01318687974243482,0.0042026396682806055,-0.019851319967847503,0.02368600551344624,0.003687039388867719,0.00519031007816273,0.005844020802590721
2020-04-21,0.0036945650999999913,-0.030267748396587302,-0.021431067677915694,-0.010075565244472062,0.013015139250531327,-0.013876646517289815,-0.024571780617580252,-0.03423135610245842,-0.019999990894898567,-0.004733314459146709,-0.012290578939722852
2020-04-22,-6.133890536054176e-4,0.06003756313813979,-0.016332746976257195,0.01066289651648189,0.00599576201199703,0.04936332242636121,0.05740455364449493,0.01575316099176094,0.02665548065940726,0.02723740771372496,0.03144803032496313
2020-04-23,0.005156464142380912,0.022043414035212372,0.048679405540827725,0.01546572291039472,0.007662830083668082,-0.004895692672223229,0.02786616033054079,0.0038772741016417367,0.0060852362556249595,-0.008417430563456119,-0.01579286187256901
2020-04-24,0.002076549746070855,-0.02833773281290808,-0.03274554248645689,-0.0037782281590988953,-0.0033798153471659154,0.004492026405563454,-0.03132485270919105,-0.01770205138428549,-0.027822665798047486,0.0063665491634159466,-0.00401168507957006
2020-04-27,0.010482640032868584,0.01749868553093692,0.03534227635307663,0.00912544688316963,-0.001271795735790393,0.0036200389404412725,0.014066385356790834,0.024574006948924643,-0.004562266095997081,-0.003374027131352486,0.005817867334414695
2020-04-28,-0.012304000327244768,0.02579601949997956,-0.008264436417481535,-0.00904292614100155,-0.014006712006969568,0.004880260197589248,0.02445294838013079,-0.004157246239988144,0.021666665458343948,0.004655079303737875,0.010233659572279397
2020-04-29,0.002320400108723808,0.03539283871426924,0.052898520314232256,-0.006280863720927177,0.003443832512408429,-0.0029561370681820964,0.036990358423143466,0.012202982621956515,0.02365417540900472,0.007582138287159257,0.0022021101697951018
2020-04-30,0.014012534354424178,-0.06116960015917883,-0.026496951484895392,-0.009540820441880427,0.016730861349441684,-0.011224108515877296,-0.10822442046554182,-0.01142131192064455,-0.003984271877747414,-8.36157801813231e-4,-0.008789310704216291
2020-05-01,-0.014419608127687722,-0.04551242064594774,-0.008837004929944547,-0.029982100826718705,-0.0502108152032662,-0.004069422667536182,-0.07049060712255761,-0.03369705127974465,0,-0.001673602130890739,0.007315435721972463
2020-05-04,0.019385579695596178,0.0058556382392400685,-0.01462209271824344,0.03214996748575705,0.05864060281057726,0.009677394444484122,0.027444037536189736,0.0255728063781957,-0.020399709942155453,-0.005448353774029191,-0.011883709345167581
2020-05-05,0.01805997525807257,0.06087830148750606,0.025334934364119155,0.003006701818005997,-0.006714244878561093,0.004472892419378427,0.05547652014183457,0.029468830345333874,0.0028581813144474832,0.018963161180433286,0.011581312775359232
2020-05-06,0.03735890426522959,-0.016306000152651157,-0.001059065425650263,0.017386054222302327,0.05196440756391785,-0.004452974742409466,-0.03728652187550341,0.020132284578776583,0,4.1369534383006723e-4,-0.009907651962429265
2020-05-07,-0.030690708899996255,0.034523636992621176,0.029682027804561306,-0.013199844337734246,-0.006827215116827712,-0.018956279422046474,0.027064726670270378,0.022201571348569704,0.006107534141521542,-8.268248672885781e-4,2.2246392131752835e-4
2020-05-11,0.017291810687984244,-0.006489234333321714,0.014413246036735439,0.0019109155465890648,0.012939786434501555,0.004776361087847514,-0.00514890051373873,-0.030769186928520487,0.004856146249165194,0.00786100177186233,0.010893698607771451
2020-05-12,0.017112633509915876,-0.0019117103174968175,-0.010487242397814178,0.017403735234117423,-0.009980156480434377,0.018150433999283733,-0.0016748505473642705,0.02583249510457386,0.04067659681333291,0.018472846586822245,0.024191772756627872
2020-05-13,0.016711843653946623,-0.03703127085983138,-0.005128235864234276,0.020620934824710835,0.030645200843845366,4.2431925477370847e-4,-0.03522406696595226,-0.04095863754243512,-0.02592873069584445,0.00765821929726429,-0.005153581679877561
2020-05-14,-0.02654379453564193,-0.017238354569672265,-0.03436419837776927,-0.04470050476372345,-0.03677614733310408,-0.0388204708077049,-0.03889136708762908,-0.04175901594020759,-0.022645950138325488,-0.04999997286914526,-0.05547152307693293
2020-05-15,-0.010724604246100333,1.6860276190500123e-4,0.013167226526680231,0.0036544628460657425,-0.002843237697587986,0.011697173021220308,0.01993349161108693,0.007263109676955537,-0.005284552151045507,0.0088421602672912325,0.012340016528699316
2020-05-18,0.013724128329805296,0.0819559517884938,0.0509308339468697,0.023910801931175785,0.0020366015542416793,0.018106569771751957,0.08306198121009989,0.07210753784182877,0.0502656473949008,0.017111716948717604,0.026862233066097252
2020-05-19,-0.012969247483776591,-0.020729249409201955,0.022727338339243675,-0.015765701605371607,0.0028455494979353624,-0.02099852593917284,-0.015639120370120607,-0.013451596537233712,-0.04785993669276023,-0.013541182167015609,-0.016267273204218058
2020-05-20,0.02374348829154793,0.014006033126842121,0.060130611812941215,0.014934263811321902,0.005269509617785051,0.004815041439418799,0.02673392864182067,0.029749002477309272,0,0.017470878615280183,0.0319553672145616
2020-05-21,0.008894357657155405,-0.02087576628561172,0,-0.01257862424090539,0.014113008393196846,-0.01001958882774201,-0.02975751218544964,0.004814966400752407,-0.015529253585293668,0.008994238127755905,-0.0017324180122534338
2020-05-22,0.0039058159764207012,-0.006091812063204749,0.03175097028719276,-6.010167773411457e-4,0.018687737681029715,-0.03124311690555892,-0.008894436254859639,-0.005390832562557013,-0.01743462951628849,-0.03930309221246764,-0.04316702891666291
2020-05-26,-0.03601598585945509,-1.6134044739324338e-4,0.005377919814816279,-0.008898379552067737,-0.03981259239493773,0.012945575364875284,0.01005739293508201,-0.011141232626166953,0.019856536011427117,-0.013918004951707919,-0.007254634882209898
2020-05-27,-0.03955255452181172,0.030650150222953032,0.010401173187172708,1.2138911505776839e-4,-0.00284544688154742,0.011210866282789445,0.0157781442164604,-9.135711676730995e-4,0.011598822205248327,8.552392044751667e-4,-9.134458926097766e-4
2020-05-28,0.04430292686694748,-0.01721712828763111,-0.0021195329624338344,0.02123004783116267,0.04973492795209955,0.027937984845650243,-0.006484730851315512,0.03809825777926923,0.007371058423372379,0.03931627300850993,0.028571392523754735
2020-05-29,-0.013566187471429791,-0.02611881577330344,0.006278098196818238,-0.007008774139861007,-0.0015533535905407625,-0.0012943515249042026,-0.04432310964823327,-0.0358192020432514,0.009349474451832762,0.0037008242592733165,0.01955561720972021
2020-06-01,0.014452153414180158,0.01717099850445125,-2.970846249018555e-4,-0.0059816115186765995,-0.030338403384171042,0.0034557253305957936,0.025095367536986934,0.012180329367891263,0.007652161162819526,0.016386573771404178,0.006102922812730949
2020-06-02,-0.018612179719371458,0.056591582923246175,-0.001188768288388986,-0.006739736290327536,-0.027276503937521235,0.009685952640600348,0.033932598109406964,-0.003309297571280845,0.025179813707012277,-4.0297227800401014e-4,0.003032951537238926
2020-06-03,0.006321821224686275,0.03256246946714403,0.028562932304489808,0.008481897852767206,-0.0024740519214456747,0.02451498916046302,0.04390814513885721,0.025958338236356404,0.016374277762742473,0.02580629967648118,0.025053950116302737
2020-06-04,-0.0076780508353964105,-0.009136506924980359,-0.006363889502946307,-0.008049937106626603,-0.011161734037720139,-0.018102513608306503,-0.002871063150164721,-0.004118864582392079,-0.02761804040002447,-0.018081723609608025,-0.013906417741966326
2020-06-05,-0.012075064110429246,0.07748362725929936,0.011935944954104105,-0.00823653194819085,-0.02591973008759363,-0.026700491906765378,0.06334573820099765,0.02570163416134097,0.015779276638886452,-0.007605993777632825,-0.021367565187380033
2020-06-08,-0.026937200534240313,0.00966177306093563,-0.008918326925470121,0.0018319181026469344,-0.020600702501173296,0.02307847313241873,0.017871656936333524,-0.029377983839430355,0.013203727957913136,0.012504948790973858,0.020305673774200228
2020-06-09,0.005365875830373623,-0.03472306910123413,-0.014223548560551746,0.0012190733358705685,8.761779673716052e-4,-0.014683954605227867,-0.04376151393763461,-0.021068145819405304,-0.04714431123572782,0.004382559004523667,-0.029745260151279873
2020-06-10,0.019407947131243608,-0.024359235530261425,-0.00471143880711089,0.0048702720584949954,0.030210180008317433,0.007991486161821104,-0.01724875442637197,0.005152978808121045,0.010056128711648071,0.0023799001029765066,0.013674432043230711
2020-06-11,-0.015230723181093309,-0.06836977794465549,-0.022780993152675122,-0.02108318341288662,-0.014024677959078802,-0.029569345066903563,-0.05973086778483294,-0.029553646394082755,-0.034249255344585894,-0.03565126789663686,-0.029808629018277633
2020-06-12,-0.009062370590222746,0.006699954227141092,0.014532206570556427,-0.010273446789757945,-0.00646533280870798,0.011481528732266488,0.01640809081369965,-0.004661303741137268,0.021443299457281295,0.0113494763862525,0.011437622522437962
2020-06-15,0.009754885505081523,-0.021823461148007706,-0.010444659041395132,0.001000385114348079,0.02342731654059138,-0.0013098145093058955,-0.011552004169347208,0.003746538390793086,0.00767047642251506,4.155240904999413e-4,0.010864712048518355
2020-06-16,0.027774507466637566,0.017879722364228856,0.027141164022252084,0.019240475556356662,0.017804178966425388,0.02032792536862371,0.031015864353752365,0.024261287073092275,0.01682704252737799,0.02201910995938494,0.025224843282535714
2020-06-17,0.009282007251029789,-0.015233807753537776,0.004991277442494946,0.020470729084259176,0.008746314589460846,0.018851764666782955,-0.011044944411524704,-0.005769828092483165,0.09141051702533742,0.006097437666284122,0.0057765903703115296
2020-06-18,-0.022118804883910603,-0.00599853625122182,-0.0037979384193103094,-0.010690776819512027,0.0012385059114949915,-0.0018923559864189032,5.878565325747598e-4,-0.010079433534689541,0.002527159455295136,0.006868789953670129,-6.381400146943106e-4
2020-06-19,0.010595298203205816,0.020962452781200458,0.009091015909373112,0.005949382293154448,0.03298989526163609,0.02527920681232887,0.010280469794863523,0.008639242936415936,-7.202397786906234e-4,0.030497624306059512,0.041081281459645735
2020-06-22,-0.002238124215335313,-0.018665538501281054,-0.008427820219831794,-0.007242046584043593,-0.009980156480434377,-4.110204699792064e-4,-0.012792560902131767,-0.022942758895250992,0.0021621778172788986,-0.011682211885453042,-0.005520299490823333
2020-06-23,0.006493517953084282,0.019020567638860397,0.004982424432510513,0.017872607005882113,-0.05645162683459759,0.0071942034710008596,0.023266245375256123,0.008140320710279703,0.011147015978335562,-0.010244231151211092,-0.0024670937005898397
2020-06-24,-0.021231773396978904,-0.04386355061068026,-0.014873244073838277,-0.023769704949032522,-0.0170939599199309,-0.01959170345535144,-0.046769500792423035,-0.07453414297901173,-0.03485062561215613,-0.008758091209559726,-0.015663640475962692
2020-06-25,0.012583899170945267,0.00406679142833033,0.005624708598295003,0.005995241272688245,-0.02608697750659783,0.012905824639603658,0.003623216998367429,-0.001006768375197753,0.002579303352518103,-0.007228812131733209,-0.015537371524302013
2020-06-26,8.284885839435763e-4,-0.012961769688188851,-0.013835781511497225,0.0015811416078115315,0.005803517650091239,-0.006987278597249569,-0.007370459772570781,0.022841869859862696,0.0022050866739031783,-0.0024273268603015596,0.0032880613456671703
2020-06-29,0.010879894352963326,0.0338148427880014,0.0044777069598798125,0.010564715729634688,0.006657823824471887,0.011796371761464863,0.015153777395382706,6.568511438438396e-4,0.020901934816980106,0.007299379136367801,0.00524367049644936
2020-06-30,-0.014857202947468173,-0.024452132154119344,0,-0.016702753642225954,-0.021163860971562976,0.011658910959269964,-0.039408973533687,-0.011814891802765293,-0.019755755435637123,-0.0020129122572536406,-0.010867227202505991
2020-07-01,0.003562445266999781,0.0069986398004637795,0.00683497552283141,4.888881136817513e-4,-4.5066502797197483e-4,0.001819661231765135,0.013675218300542635,0.04981732994422017,0.004763749154562014,-4.035006810582109e-4,0.0032960085413351603
2020-07-02,0.01692119025327088,0.012607200491190351,0.009445127480106397,0.00745085478398777,0.009013152870780194,-0.020646555782355636,0.005825358006585457,0.0022144523005478423,3.647666471953137e-4,0.0016142292260661328,0.005913149360649461
2020-07-03,-0.0157086823356829,-0.018196569497418658,-0.007894707344763718,-0.014427764383537878,-0.019205015857914676,-0.01810051855449124,-0.010059246220610385,-0.004419198374652433,-0.008384971637071192,-0.011281075254963246,-0.01785316976283846
2020-07-06,0.023761664632549362,0.016908093736546226,0.02652522625417908,0.015131022900682023,0.012750435266365878,-0.005421836091248355,0.0169360079650418,0.011414070008010757,0.004779311424088606,0.006519849287405677,-0.002216822911732752
2020-07-07,-0.014203217245404187,-0.014068945113368536,-0.00401954398858595,-0.020237709505660506,0.004946015078778343,-0.026384575485397188,-0.01862219025462697,-0.010344847652633993,-0.026344660601813175,-0.017003982411776586,-0.01821815942254079
2020-07-08,0.004919871492983896,-0.015891103148188757,-0.019890491101586583,-0.007668430941004556,-0.020134104737289826,0.006942831598074184,-0.013575958946922428,-0.02692426941273285,0.007891722289832703,0.003706701023876491,0.0033943884781089118
2020-07-09,-0.011539957142382429,-0.044323392125944716,-0.010294056679552743,-0.007353754251971267,-0.02191787074278917,-0.054715250505061874,-0.03722255445954292,-0.010416669249309729,-0.04026843424239268,-0.03118591739045895,-0.027965686462678163
2020-07-10,0.00294801918172527,0.0027585759848987035,0.014264527121557125,-0.011175378554827309,-0.017273611866011285,0.024705857314703206,0.012345722577292717,-0.001973711432526115,0.02641803523331676,0.007623890890256169,0.005800438782822326
2020-07-13,0.007407544444956615,0.020116878581982967,0.011426743889480617,0.014222339941788231,0.0071259870988447105,-0.0011480781011105057,0.0263157314154967,0.02669741327652453,0.0049206171233930895,0.015552764313473855,0.016609114976414707
2020-07-14,-0.002217667794716438,0.026462125479999266,0.00955969874854512,0.004131573704115876,-0.009434048756498559,0.010344739262550862,0.02376493721530415,0.0028892436908174446,0.006026373118811046,-0.013245012996205285,-0.010664915774626027
2020-07-15,0.052286841099781656,0.018883494681546598,0.030702976127529036,0.028927797936236344,0.05380966735411841,-0.008873711245214189,0.011301173469624892,0.06274008507278261,0.02096590378361607,0.005033632216343786,0.0016054883576832601
2020-07-16,-0.016896468894769257,0.0070910516987516825,-0.0167037090270159,-0.012360827605154223,-0.007682001302708796,0.007116639662826607,-0.001359278680664766,-0.03493979744007403,0.024569159696240517,-0.0041736844943393026,-0.0032059820011917095
2020-07-17,0.03878344785088883,-0.010081610613104752,0.0033974632030202567,0.018527606824825016,0.028233147480245746,0.016184216288988917,-0.0146679580372987,0.024344661391639155,0.027916961924953965,0.016764488108002684,0.003445930816045051
2020-07-20,0.014477164503236661,-0.0197220693221426,-0.012133167636437014,-0.007107478075033091,-0.009300222796428836,0.0051593097641431385,-0.02332727620880426,-0.001523468838261488,-0.01288306527398253,0.004534171691550126,0.005952495854584461
2020-07-21,-0.02918477564021371,0.04205138044570633,-0.006855166874024765,-0.014923741109435507,-0.010281671357055489,0.007587534016836761,0.02922695148266574,0.011290747030657577,-7.054079210007114e-4,-0.004924052374269849,-0.00978603808874079
2020-07-22,-0.027298780743764905,-0.03829711140505809,0.025309135074793376,-0.01170089138156405,-0.01264677325312935,-2.215082357565068e-4,-0.03603046574944624,-0.013880515793982973,0.007765448071985759,0.0057732816663640385,0.0025281616965229237
2020-07-23,-0.005681108364393617,-0.013328894240453915,0.01037868900143657,0.0018694462303143755,0.008234213123967438,0.003101434114371804,-0.008869039453354044,0.02447992854614145,-0.024790360620332796,-0.01148017635441223,-2.293159711322934e-4
2020-07-24,-0.01131302413680757,-0.005670582879663377,-0.027207104829553796,-0.017166209745127503,-0.023593478054242167,-0.002870972669267946,-0.007190969473434561,-0.03763438287705001,-0.007102921350673808,0.004562380446504477,0.011465286398111507
2020-07-27,-4.6238216348515326e-4,-0.01241173835010545,0.013413285265624797,0.0020250896845577238,0.0032528121842827495,-0.003100747121172809,-0.009818107601918924,-0.009311112070247596,-0.010165584367461289,0.002477328671905976,0.0043073163984219676
2020-07-28,0.0060130354271201725,-0.00220801689575989,-0.004224251639388554,0.01338882970113997,-0.004168594199611131,0.017329389988729904,-0.0016255269730646171,0.021303254462170074,0.01483455477589879,0.028006463320747743,0.024379332110912033
2020-07-29,-0.009770169592977274,1.7015250508167767e-4,-0.008766852217967025,-0.031658975798315,-0.010232499572628062,0.0037126466242813905,-0.0013023029863344915,-0.006441765687224543,-0.0029984989719792354,0.003605928815466841,0.00396642323992169
2020-07-30,0.015786484325608807,-0.03556829673700446,-0.01683309214449802,-0.015832254554642544,0.01033828608052878,-0.025456968403747893,-0.05542891384489357,-0.04353187907825551,-0.01315791209181938,-0.028742625549730727,-0.019973607642730373
2020-07-31,-0.02525431532928224,-0.028939481039966575,-0.008705779531994806,3.9246303224160783e-4,0,0.005135120511531088,-0.032102112727352194,-0.02033568803000052,-0.008761924404199317,0.0069872546036156,0.00783874109877325
2020-08-03,0.02778436019023167,0.02144293290150756,0.03776341706616648,0.036344706655303094,0.030232631430419765,0.02043531735334625,0.019436567665765736,0.018451342376709423,0.006917802374765358,0.004897924888769056,0.00844447632873968
2020-08-04,-0.024752025820450663,0.0647570586201327,-0.016925240892047055,-0.007821362773884788,-0.0266366014977385,0.004571249916355713,0.034633440797988024,-0.00808795636317361,0.0061069663419284215,-0.0024370798197265175,0.0015425141346863125
2020-08-05,-0.005847887371309923,0.024728308423327183,0.007173654208862956,1.2712007765114386e-4,0.00834890558255963,-0.016901392991584774,0.013186776665299771,0.01043705440229381,0.005310924478903578,-0.006107368710339678,-0.007920848168709305
2020-08-06,-0.009529405640497202,-0.03717566335022482,-0.01339035589009252,-0.014747027542462265,-0.007819926611987826,-0.010359307540710128,-0.019022038904767724,-0.008715294966224474,-0.0018867669552283806,0.0032772862378507295,-2.2169254415482786e-4
2020-08-07,0.006057736191257934,-0.027095809466492038,0.006930464419305338,0.0033546975937381873,0.10941137232176934,0.0066815082417022165,-0.018030444325094708,0.029632041920744978,0.004914906511229278,0.007350048542999588,0.001330890141149954
2020-08-10,-0.010625751044237908,0.028372567593655695,-0.0074563890359953255,-0.0012858384598709582,-0.04011701721955596,-0.002433600852179585,0.01749527454458777,-0.011385272641695199,-0.006019461925154235,0.005269529521860328,0.0019938302987230205
2020-08-11,0.008353225602306003,0.04113051027363279,0.006934469774980467,0.014679349546961262,-0.021767558090841632,-0.01552451662892751,0.038644602576304976,0.00895722847280056,-0.0037849590133351985,-0.006048370538529468,-0.014813133937772949
2020-08-12,0.029467409252941223,0.012193215605846186,0.012625592935815444,0.022588753079442636,0.04183359341592219,0.041000312301413544,0.024258460825031136,0.02187699447597402,0.0075986795284594955,0.050304258796869394,0.04667855836884649
2020-08-13,-0.010128146771861246,-0.019712139318709965,-0.0028336995306438295,-0.011475553437756525,-0.00555313105611277,-0.021640411354921563,-0.02788200892268755,-0.012100572115195884,-0.004902032009311275,-0.018153691980078324,-0.026372191796547484
2020-08-14,-0.018848058341416674,-0.02838637998451543,-0.02585964261725371,-0.021658773404054865,0.005154491053222632,-0.013713817240965098,-0.026429539639039712,-0.016017605176266825,-0.013262517994772405,-0.01337549326057863,-0.015194895453661594
2020-08-17,0.023624952414012634,-0.014010089158887684,0.011668682730308078,0.012892300403162471,0.02136766543639368,-0.0024669685735532187,-0.008024560818281623,0,0.0015360973772415853,-0.007176931015047017,-0.011404306526965335
2020-08-18,-0.01014109107836958,-0.018020915061725207,-0.011822367206712259,-0.01067120191788029,-0.002928891661955757,-0.020683409314256496,-0.0115319843173729,-0.023938756777321046,-0.01035267987959998,-0.02208836582425644,-0.023976524865971682
2020-08-19,0.013659821680995776,0.0012353557282396288,0.007878581211937297,0.007667343347053324,0.0020981354254985263,0.0020661902690199963,0.005049958506369245,0.0035972403539590303,0.003486891707950024,-0.004106729098155126,-0.0057936408948264795
2020-08-20,-0.0068540776530132685,-0.024497903888211936,-0.020555902734363585,-0.0166365498118477,0.0037879864740593128,0.0018326566425703739,-0.027200444047402184,-0.006842670059666656,-0.0015444006798340792,-0.005773172979721686,-0.010489604647238027
2020-08-21,-0.013100897836035075,-0.01228549390512268,-0.019213689490825914,-0.006426353705528243,-0.015094345876830895,0.002286783322652308,-0.006411479336774106,-0.02362211680031545,0.0030936801971295225,-0.0033182843841583765,4.7119445390775283e-4
2020-08-24,0.020623424549581326,0.03164433564270941,0.025919194738153406,0.003959941262819289,-4.258084880470747e-4,0.012548496394876985,0.0399713202586407,0.015121045510284592,0.004625956286789856,0.012484472756182141,0.00800565945480547
2020-08-25,0.001858157529010196,-0.025886507042074847,-0.007050586867050179,-0.002235100630151088,0.01660985381190727,-0.015998156998965785,-0.02723202996249441,0.008606482065394827,-0.01688400385438915,-0.021783806743878253,-0.016117655335230352
2020-08-26,-0.0032457445105094074,-0.014379266043193839,0.01568049530156257,-0.004611823176696395,0.002513651711501419,-0.015342351129746468,-0.006201261618947851,-0.013784068857574328,0.003122558413787724,-0.010083962974644312,-0.00854706862382204
2020-08-27,-0.021165090541962472,-0.012926913798761763,-0.01747734391032263,-0.011119944631290735,-0.015461864795718427,-0.00837208533031708,-0.009627216774905745,0.011647228703237644,-0.0054475184772433405,-0.0033955244201980816,-0.0016763887576571879
2020-08-28,-0.009148340012269829,-0.011412684217461666,-0.017491843697922005,-0.014725848575104172,0.006366869574263134,-0.011257024352637313,-0.0037802974943327294,9.86729758064353e-4,-0.014867021198185948,-0.006814523329992106,-0.0031181540328855117
2020-09-01,-0.017146157188236644,-0.0170323913120749,-0.025648810759337448,-0.017798741838946253,-0.01813583967942267,-0.01138518768769714,-0.019696527588820678,-0.006243770272394311,-0.019062633393859718,-0.012006702127479674,-0.010105929353213194
2020-09-02,0.011589631630940067,-0.006546097129628836,0.0204398131930581,0.030017945737783158,0.0390893546979556,0.03598836624975377,-0.01013817353309121,0.03174604108912482,0.02024284759011108,0.04557290782604251,0.04861452201401639
2020-09-03,-0.020622344003993986,0.006782771814278776,-0.04036419901263699,-0.012355594462558406,-0.0028937822877319608,-0.0125057005996706,0.006517553018281275,-0.030128178065853772,-0.02380950888542077,-4.1522548080041854e-4,-0.013908099551053543
2020-09-04,-0.018593737754232564,-0.008662094714558588,-0.010752790175076021,-0.024204526342648913,0.018656726004375734,-0.02274859600372592,-0.002590260397358213,-0.013879728317992446,-0.022357841866908368,-0.019933525532782603,-0.018335721776412184
2020-09-07,0.03889583133656482,0.03553418313282819,0.0214195673417501,0.042363460906942985,0.037444033987347636,0.03455712001354683,0.02170290244155315,0.02580428307099969,0.024116465464382397,0.025000038962179616,0.027298871243250922
2020-09-08,0.008212557420186561,-0.03056454980760137,-0.010015677478847018,-0.0021390430635658264,0.017653990917615214,-0.012525928932691555,-0.033042804664601744,0.01470106964997786,-0.014210330970842233,-0.004960692263153321,-0.006060722354251147
2020-09-09,0.004552035368687424,0.014506699448093352,0.01296236827752728,0.02666132085342454,0.018118723419604965,0.00916129323778403,0.020653244414781557,0.00804897778111835,0.009061004887162438,0.001246273504678097,0.0068012027965058675
2020-09-10,-0.006081638070588813,0,-3.121057733953547e-4,-0.010178687947539067,0.0037864356793435583,-0.010707573087807343,0.0038632342108564366,0.008304033015879009,-0.0048979562850789415,-0.002489554291993601,-0.0032611673076330394
2020-09-11,0.011277735377866582,-7.626437790509977e-4,0.0021854220007093694,0.004482487583057582,0.008298812437212977,0.004941171203049377,-0.007330095158002203,-0.004434595768330718,-0.001640688113684563,0.004159795611620387,0.002570779432251369
2020-09-14,-0.0034405402053103717,-0.018889449501809707,-0.014641710968197108,-0.005381270803565208,-0.0037412002793344445,-0.005619287129376316,-0.016798855599839513,-0.0028634232904214407,-0.011503690764492869,8.284037655021947e-4,0.0023309453615214526
2020-09-15,0.02440472915480507,0.0073900857830504485,0.01960162811797672,0.006070276097162042,0.0030041430223535226,0.009418350812741672,0.014832854385366856,0.006700669863041853,0.010806364920143308,0.022351000116869635,0.018837284940965704
2020-09-16,-0.0073212122939601,-0.011969137823558795,-0.004341107739625372,-0.010099751618795172,-0.014975631083438246,-0.005831525424838335,-0.00832551790627456,-9.508440507716154e-4,-0.00411200026569114,-0.016599224876443053,-0.01620639841568383
2020-09-17,0.0124092550078434,-0.014654091655333046,9.342760048103305e-4,0.007552663041124008,0.003040681299246284,-0.013139332157629857,-0.01828356183583779,-0.016814772385208454,-0.009496091139648555,-0.008645554055093485,-0.010672933670083262
2020-09-18,0.011332108081572256,-0.025381712987908478,-0.004355965447842114,0.0031561977020775345,0.004168226396780383,0.008321329577823056,-0.016913895562070902,-0.0045176744545362135,0.012921960922076314,0.020348923497402582,0.020637959687638707
2020-09-21,-0.015321334061039638,-0.039470976010205217,-0.03437494853029166,-0.02490826980830263,-0.02415094533346185,-0.01532653285343566,-0.028803393351755857,-0.059967561941073,-0.031687197211379026,-0.02279204101623733,-0.031939410516333644
2020-09-22,-0.003715646717839305,0.02520649855674395,-0.017475662886790033,-0.00537775972707788,-0.0448569558266253,0.001436861178621962,0.028861546044660402,0.001034628415830019,-8.500342208664913e-4,-0.0020823868612321883,-0.004272402350936622
2020-09-23,0.027039560075176272,-0.011570398962658102,0.009881375943428417,0.009326866015155755,0.024291545011261295,0.016260118463990114,-0.0025150840341486846,0.0223904780137254,0.0076563680225805175,0.02253745725274503,0.014779521199723478
2020-09-24,-0.02871084497053411,-0.028427974584920412,-0.007827853053123723,-0.024775629968138202,0.004347905840168975,-0.013882391172110542,-0.01667959106939021,-0.016172468698723463,-0.01139723499893075,-0.0020408467507648798,0.001174547054353603
2020-09-25,0.001986257410561132,0.003872608253427945,0.0013149920223340938,0.012359170802594077,0.011412713546172126,0.01956566316616093,-0.00907297174243793,-0.005479410369361726,0.01622549458525735,0.009406985868818163,0.022993901112156934
2020-09-28,-0.007812581882280845,0.004929270825218435,0.001313180067681552,-0.007596285576349726,-0.009727653436065742,-0.003744307418977355,-0.002388457216645934,0.01893931377833269,-4.202504111253669e-4,-8.103846756298827e-4,0.0043577764282030085
2020-09-29,0.003525809873889507,-0.021966233200905183,-0.013114749040593066,-0.0051940285977931655,0.012573823596078615,0.03946437110921197,-0.01855556091126953,0.009124785288049164,0.022278337886929345,-4.054140861775579e-4,4.567743506502797e-4
2020-09-30,-0.00960311502481348,-0.017880592047390453,-0.0019933290144058535,-0.0024732483436066266,0.006596733932673571,0.005423647155364142,-0.020227634430007302,0.01574014798051704,-0.006578943095440604,-0.010547610567463783,-0.023282455768619315
2020-10-01,0.0026014920765604632,-0.031083362471784448,-0.06624498359752906,-0.0056473693454640594,0.004240536078780721,0.022701760592500397,-0.03724453873281053,0.020638551421320983,0.03807944530253482,0.0233700394691414,0.03131579138123808
2020-10-02,-0.005661134551043334,-0.017415362770525245,-0.01568643353750787,5.538826000226482e-4,0.00921299218489402,0.0182417909254744,0.005495694527045902,-0.007809994418863653,0.0259170232174164,0.012019305284117987,0.015409035922142156
2020-10-05,-0.00260939363155821,0.015858335595462014,0.00434638134114973,0.0035997055343892637,7.608202329314473e-4,-0.006043618260956007,0.026256503442686707,0.004919668675379407,-0.0011658770274826091,-0.013460007891208381,-0.009149735255972291
2020-10-06,-0.010940580067590022,0.011707984349769385,-0.008294248796380965,-0.013656960686785014,-0.019384306358568804,-0.00130300377408743,0.026315851960203362,-0.008159169914648712,0.0038909967049653993,-0.004414191174211379,-0.008108240269659728
2020-10-07,-0.0026452826824042708,-0.020422165503650058,-0.02399996162674012,-0.009790248895140463,0.004263546936067675,0.013263838857465737,-0.013329268461187649,3.2900166148341903e-4,0.01821706907021614,-0.005642757822595601,-0.00635771753474601
2020-10-08,0.009162179077366162,0.023164382258420657,0.004470878996496008,0.006638514411171137,0.021227326732413676,0.010300418952784218,0.026709269542611436,9.867634969946693e-4,0.00570995638801719,0.008107026190801614,0.022394882227849244
2020-10-09,0.006331403937124946,0.005659947115824293,0.0018545746859721657,0.01529394127432182,0.018518581584777705,-0.007009339342650245,0.020892030082707125,0.0029577051450186964,-0.018925094406244347,-0.004423171344697052,-0.00871712403365088
2020-10-12,0.005460609810874262,-0.019585876625372034,0,-0.010917740428388334,-0.003710473231541833,0.008342166410495677,-0.0254821348115557,0.003931783113724885,0.023148134868513193,0.02100171801286277,0.017587337434878947
2020-10-13,-0.0016530140114844327,-0.021125263735540245,-0.0025915982086391898,0.005588997607204327,-0.001862239795353493,-0.005515457430212645,-0.00807666330899015,-0.0032636676954304056,0.016591241989986738,0.0011867266702991763,-0.002880476186595704
2020-10-14,-0.0314568576630051,-0.002345640984885211,0.020786944525371887,-0.009587349125960043,0,0.0038396595816667656,0.0075317432951043095,-0.012115260475025535,0.00853117631274447,-0.00908745277091183,-0.01533333773314327
2020-10-15,-0.008547076784233054,-0.029155870653921556,-0.03309103149094539,-0.03465210837523092,-0.0022388384528810867,-0.011899739016929423,-0.03586219869536822,-0.01657272086239192,-0.02905480580838249,-0.00757566141639876,-0.00993006626142523
2020-10-16,0.011945848728120767,0.014289196858815023,0.005641338501637394,0.024560521161467452,0.00411376270560071,0.015268851020106666,0.020326840772607158,0.014829834998599134,0.018181906332114917,0.009240797058995609,0.012537001383745805
2020-10-19,-0.013143412567379387,-0.007879679758418856,-0.02206431879412807,-0.009503528995602029,-0.01713230616052297,-0.007413723423082219,-0.003696837717601542,-0.0099635136744044,-0.013392945234230846,-0.007961901295058804,-0.016659177514163015
2020-10-20,-0.00530285239215722,-0.008664214290357797,-0.004971450867769622,-0.011742872769947676,-0.003031463584615146,6.402762871247081e-4,-0.006081198451375225,-0.003019134881211416,0.0056561296706836295,-8.025799770595698e-4,0.005036645226099701
2020-10-21,-0.018100646921470176,-0.029084712312850702,-0.03189851540349087,-0.019272616009102128,-0.009502116491269752,-0.005758151572989978,-0.027999567155244764,-0.03129203659968682,-0.003374649825940046,-0.0016064496919373505,-0.0029611807135246915
2020-10-22,0.0044191951357386294,0.0072013822069716404,-0.0063516428657851565,-0.015070977351826498,-0.0111280538117704,0.002573999300674812,0.011842496017071547,0.011462279172332446,-0.008276747447306998,0.006033773122937847,0.005940102554970572
2020-10-23,-0.0015084771074630465,0.02035759653427416,0.004394667857250845,0.007950914228426198,-0.010865438630050739,0.010911413721969243,0.024673068596344105,3.433503117642456e-4,0.014415622209686285,0.012395122301464001,0.01112881591368553
2020-10-26,0.016870184787535658,-0.026764011531064114,-0.0015910687050921801,7.439517505460902e-4,0.0023537996305296183,6.347775323325422e-4,-0.029224007461030377,-0.013731468843664274,0.006731534049816856,0.004344352503197646,-0.0020215969165083836
2020-10-27,-0.002599914049101315,-0.021300004203239187,0.020717165060623266,0.012046555970394834,0.01839539067034135,-0.002749456045217591,-0.025439966378305146,-0.007309466733931291,-0.026003005453204886,0.010224089889346644,0.007877480793622826
2020-10-28,-0.021847057981706053,-0.011750346707840253,-0.012490277340157618,-0.02718593770841582,-0.020753276813707755,-0.02417820284147265,-0.021100792231607657,-0.028751742052442575,-0.026315750195165077,-0.03152973759279387,-0.03416693123642456
2020-10-29,-5.076330995107403e-4,1.0352751723807785e-4,0.003952618815693976,-0.014954680300782841,-0.003532184262313609,0.004998884442722673,0.036333465270559584,-0.01841145658152421,-0.020759955031908084,-0.011253975619946677,-0.0060115992333305
2020-10-30,-0.013966480533254333,0.016230541039348623,-0.011023678604281106,-0.009507732361760723,-0.011421704360834783,-0.006271595647320161,0.03505948640181589,-0.016918093018566505,0.004000155204803901,-0.012195196314333301,0.004187088674655337
2020-11-02,0.0010301039088866926,0.04374370317641274,0.011544638611257207,0.025545711019326456,0.010756876157747897,0.005658440333437875,0.05075624602839146,0,0.0015935202380779057,-0.0012344780389345056,-0.01505680933593645
2020-11-03,0.024311825678713372,0.023148119400087097,0.026367627181226982,0.02355081798771841,0.01891996039832211,0.018177791748941408,0.012421067043110634,0.02282084487316527,0.0298329441440619,0.01606913479675609,0.013875807127267548
2020-11-04,0.06881821276019773,-0.00571572080362992,0.0015337219278959147,0.04351047698835475,0.02669250249750954,0.010201975598279844,0.0046739088194933665,0.04242865889524117,0.024333731215566923,0.0060827089213491,0.01461370864701661
2020-11-05,0.0021149887631763953,-0.020421905751755287,-0.005360003882318387,-0.007774094259300979,-0.006782218615497992,-4.2076328946327735e-4,-0.023260381264559427,-0.015789547347264232,0.010935210106601367,-0.0032244479066991794,9.14442355897771e-4
2020-11-06,-0.0065657787801884915,-0.003937258273194022,0.010392671274262355,-0.003561039654065623,-0.00872529258252741,-0.01599671069414499,1.9836392002248182e-4,-0.004634543321194173,-0.008579004502130005,-0.007278717859150685,-0.006395474899527631
2020-11-09,-0.020299865718714005,0.15055543716842967,0.06704761396904613,0.020871851478482473,-0.021814080038770056,0.006203251097218754,0.1248017075318717,0.13395412555470387,0.01467270261814746,0.0012221217726418043,0.004367794393457247
2020-11-10,0.027587048440040007,0.05109813446941325,-0.003927209016344246,0.027587150486857004,-0.024647899265435314,0.00361391802544464,0.040042247770623485,3.1588404179672125e-4,0.0011124682115213336,0.014646057666605428,0.02769512919690209
2020-11-11,0.029894434199627673,0.005585379683626268,0.02293904215030551,-0.002861631905477169,0.048134868590256064,0.017581051808022607,0.00915870105669514,-0.021155634924820976,0.026666648462366993,0.02606240975437535,0.039643592718817455
2020-11-12,-0.014228718600190704,-0.021600532831203,0.024877398382765925,0.0045674993122850616,0.0172213991967356,-0.007493818149766351,-0.002140170095221494,-0.01516125298064186,-0.008658097228290473,-0.00820614497938521,-0.004284457080116932
2020-11-13,-0.003117810237293517,-0.003784659404482804,0.008547071946102713,-0.006498899479472131,3.7630711419356366e-4,0,-0.007829507103191302,-0.020307878340522167,-0.008733619427196415,-0.01457852086095246,-0.016350965536670592
2020-11-16,-0.010425204681281164,0.058463588379579656,-0.007118724530856824,0.0036186307836130194,-0.005641158263498869,-0.008598890776693846,0.06450487032381114,0.006686729601987018,-0.0029367598676884876,-0.008796402135689774,0.0015308976134875696
2020-11-17,-0.02949767881405374,0.0037885164955611117,0.0034142659691194233,-0.02731930108375491,-0.03668687605897525,-0.009731415899933427,0.009186142158846833,-0.015941621741452416,-0.0073638615251615525,0.004437232969363825,-4.367509554981108e-4
2020-11-18,-0.013388107392913517,9.93294655604826e-4,-0.05035738288490765,-0.019960086226341822,-3.926081806695514e-4,0.00619529991620027,0.004471384557870106,-0.005737426902314602,0.0437685684112743,0,0.011798168744358906
2020-11-19,-0.006723748081676195,-0.03254612591991268,-0.0029022674276173444,0.01469293657344517,0.019638603484418926,-0.009554202828719438,-0.025437252115585007,-0.015953882477414694,-0.03127219135802439,-0.01526106059141974,-0.009933063212410942
2020-11-20,0.023630894918160505,0.0026666493836597915,0.007979749443562056,-0.0010034650484335161,0.019260357367423042,-0.0032154305282245943,0.015334537372165613,0.009313601034480534,0.0025678879609802863,0.0044860934558841326,0.0015266296347338226
2020-11-23,-0.03811479931910933,0.03702942524629882,-3.598067586214615e-4,-0.01980490384269762,-0.01738463615229091,-0.011827969601595711,0.04354110181521298,-0.019822232233636217,-0.004024807297261845,-0.009338131072011424,-0.014590549650228213
2020-11-24,0,0.08423750655331208,3.599362661226291e-4,0.010248856645658,3.8460460997113977e-4,-0.007834595920967025,0.05727482628007574,-0.007322298559867213,0.026451119697221914,0.0016393687130535906,-0.009723712170128795
2020-11-25,-0.024999972913657742,-0.02638279819871292,0.017272381128730308,-0.0010144683847429503,3.8445714189583313e-4,-0.0032902666932538294,-0.01922244069968415,-0.013347239831394964,-0.007874056596879564,0.004909840620385575,0.024548089148703323
2020-11-26,-0.0066666526904070045,-0.015137336813456748,0.029713490637774953,0.008269175449632904,0.01229808804392496,-0.01166169375246806,-0.005048187472365462,0.008187885049789179,-0.0050505492424857135,-0.00244292593321338,-0.004356388920465637
2020-11-27,0.0028394819910237956,-0.0022770398559258664,-0.023359688744493012,-0.004604264338167741,-7.591853304280693e-4,-0.008622763538530198,-5.969629792154096e-4,0.025776809738178308,7.252105033235257e-4,-0.02530607054539602,-0.01640771700542798
2020-11-30,0.004504441854815022,-0.05800686901915186,-7.035040641315549e-4,-0.00982926899076686,-0.009118482349359858,-0.029068350315239466,-0.05091837228712848,-0.0010326200224038962,-0.02826089844897295,4.187665990726952e-4,0.0013345174641423707
2020-12-01,-6.406061396441176e-4,0.02988093453166929,0.00774372152667091,0.00802918900614169,-0.048696330570930146,0.007779323869348875,0.0259597727668599,0.038938641824088016,0.021252856178462398,-0.011720449437010116,0.013327306714659537
2020-12-02,0.0175641337408996,0.04744162709482902,6.985896468352237e-4,0.00912380199275975,0.020556169682664382,0.01005843779588167,0.038031176715505044,-0.004975147786010825,-0.001825649738673718,0.013130114655121261,0.018851390168848958
2020-12-03,-0.026206383824067148,-0.002432953827749107,-0.006282738353924233,-0.013490252152229543,0.004739305630025559,-0.006484467834843022,0.0019204016819178715,-0.005666750220305272,-0.004388979768028212,0.002394290239323471,0.011187535865209153
2020-12-04,0.02962868222725268,0.03921197251821562,0.01264501137428553,0.008146447652483069,0.00117931188934417,-0.005827540963205591,0.033913227884532215,0.020784601603222264,0.018736042271192854,-0.027577401345799335,-0.03489352246392552
2020-12-07,0.014199465616016926,-0.011374022145500873,-0.05237605951380753,0.008513936614767292,-0.009815397297425421,0.008206427126688398,-8.555454240147808e-4,0.006896501269997302,-0.016588382147889824,0.006980752418535685,0.01940033660852003
2020-12-08,0.007805793367142266,-0.004382698641755667,-0.005124515803403451,0.005150939438488988,0.0011894995485095539,0.014186005003074431,-0.0061377485729712244,-0.004566204119231476,0.028969375360564875,0.003899458911574172,0.012759500012408331
2020-12-09,-0.01499882580874401,0,0.03495226496259307,-0.004412843062303717,-0.01821781903841313,0.03118557215435369,-0.006319046678650575,-0.001310650253412482,0.020313673267803534,0.014242627298004518,0.014093571740366961
2020-12-10,0.011357971563540126,0.04457079616889392,-0.029505912794370426,0.013297017280307966,0.03227110284239787,-0.01045145343626186,0.03685505277830159,0.012467306260878441,-0.00768428816399358,-0.01021274693340235,-0.020214809794213084
2020-12-11,0.007034472815298898,-0.03336261289376652,-0.008424934709698073,-0.002963197436327225,-0.015240400196892878,-0.01707866273461489,-0.027878480993094312,-0.01749846029866986,-0.01407954193701122,-0.018056799229187237,-0.014184366602851162
2020-12-14,-0.057352945376388464,-0.019981796452349432,0.015515338376935084,-0.014435229309905151,-0.0015873580571027501,0.006858737346219668,-0.024806539314162213,0.00791560412687864,0.03141752063336867,0.011383526294476809,0.01569650024122149
2020-12-15,-0.024310913698496917,0.0037070114491104533,-0.014914464017766305,-0.024985711353859297,-0.02782187723336238,-0.015213452435920871,0.004558201388244809,-0.018979091181642094,0,-8.65808674615054e-4,0.004292733386020764
2020-12-16,0.018654174557271475,0.006832975659829099,0.010708915977226896,0.004565571713592176,0.01594437264503834,0.01152869924591915,0.01902815926239887,0.015009908687404927,0.02976801994195144,0.015597947902910025,0.018166296081288724
2020-12-17,-0.013472924723287205,-0.0119221491818573,-0.014249105265437323,1.466165430237254e-4,-0.007243464457204696,-0.0020515920248590502,-0.0025853469685825914,0.0072297702795627306,-0.004369811191678008,0,-0.013203456166851923
2020-12-18,-0.004507985178476059,0.00742521597351975,0.010007390296016938,-0.005863316004622088,0.04580458804915044,-0.009136526426084757,-0.0054725991561734855,0.001305090584551749,6.751745556379252e-4,-0.01493170851862724,-0.01771059709470879
2020-12-21,-0.009057070011582291,-0.04901425480811117,-0.02091737408428951,-0.011796088599169696,-0.014728668519756072,-0.02028580665010926,-0.05010122688641383,-0.010101002683145288,-0.014844708179705401,-0.007362504273520587,-0.00769566892618867
2020-12-22,-0.015053705759635827,0.001937637489900057,-0.004123017936454532,0.007012938629914922,0.0011801409181735334,0.002823555118771637,-0.002134280392378285,0.024687327053382724,0.017465765336846628,-0.0026178240837646527,-0.006647423118548712
2020-12-23,-0.014192179074079325,0.027847665998709914,-0.0022581595301668367,-0.009186514482816266,-0.00667968050592338,0.0077427417358502115,0.01940124204284266,-0.009315870195180098,0.02086842470681427,0.0048119982563261665,0.004015144233732837
2020-12-24,-1.384679786059495e-4,-0.010348081513996021,0.007167087214466683,-0.0035890121103492323,0.009098149871703987,-0.0020954607777063927,-0.005245006626051429,-0.010700358001579646,0.0036267048993900985,-0.009142497139759231,-0.005332116428445888
2020-12-29,0.03308873880915453,-0.0024714056230730197,0.007490676829813525,0.02491368947110839,0.003136037603289843,0.030098025130582906,9.039434141948632e-4,0.042609043805847735,0.02201052115859392,0.03514947355312459,0.03439802392913016
2020-12-30,-0.008174680060335171,-0.011244592764179995,-0.003717491884581925,-0.005711056462968767,-0.008988031515676842,-0.012684000474190604,-0.008579073796804892,-0.025778124381466205,-0.01767921350243684,-0.01740236709975207,-0.018354504442957498
2020-12-31,-0.010404006593278226,-0.01773322026689017,-0.03395527177065105,-0.01178199561182447,-0.007097795810425023,-0.007799989188832512,-0.01487773713180196,-0.025492078987071842,-0.01832459627760119,-0.011231201503843158,-0.01561820038295647
